ID;R_D;W_D
55491;LC;LC
55492;LC;LC
55493;LC;LC
55494;LC;LC
55495;LC;LC
55496;LC;LC
55497;LC;LC
55498;LC;LC
55499;LC;LC
55500;LC;LC
55501;LC;LC
55502;LC;LC
55503;LC;LC
55504;LC;LC
55505;LC;LC
55506;LC;LC
55507;LC;SSG
55508;LC;NO
55509;LC;NO
55510;LC;NO
55511;LC;NO
55512;SSG;LC
55513;SSG;HG
55514;SSG;G
55515;SSG;G
55516;SSG;G
55517;SSG;SSG
55518;SSG;SSG
55519;SSG;SSG
55520;SSG;SSG
55521;SSG;SSG
55522;SSG;SSG
55523;SSG;SSG
55524;SSG;SSG
55525;SSG;SSG
55526;SSG;SSG
55527;SSG;SSG
55528;SSG;SSG
55529;SSG;SSG
55530;SSG;SSG
55531;SSG;SSG
55532;SSG;SSG
55533;SSG;SSG
55534;SSG;SSG
55535;SSG;SSG
55536;SSG;SSG
55537;SSG;SSG
55538;SSG;SSG
55539;SSG;SSG
55540;SSG;SSG
55541;SSG;SSG
55542;SSG;SSG
55543;SSG;NO
55544;SSG;NO
55545;SSG;NO
55546;SSG;NO
55547;SSG;NO
55548;SSG;NO
55549;SSG;NO
55550;SSG;NO
55551;SSG;NO
55552;G;LC
55553;G;HG
55554;G;SSG
55555;G;G
55556;G;G
55557;G;G
55558;G;G
55559;G;G
55560;G;G
55561;G;G
55562;G;G
55563;G;G
55564;G;G
55565;G;G
55566;G;G
55567;G;G
55568;G;G
55569;G;G
55570;G;G
55571;G;G
55572;G;G
55573;G;G
55574;G;NO
55575;G;NO
55576;G;NO
55577;G;NO
55578;G;NO
55579;G;NO
55580;G;NO
55581;G;NO
55582;G;NO
55583;G;NO
55584;HG;NB
55585;HG;G
55586;HG;SSG
55587;HG;SSG
55588;HG;NO
55589;HG;NO
55590;HG;NO
55591;HG;NO
55592;HG;NO
55593;HG;NO
55594;HG;NO
55595;HG;NO
55596;HG;NO
55597;HG;NO
55598;HG;NO
55599;HG;HG
55600;HG;HG
55601;HG;HG
55602;HG;HG
55603;HG;HG
55604;HG;HG
55605;HG;HG
55606;HG;HG
55607;HG;HG
55608;HG;HG
55609;HG;HG
55610;HG;HG
55611;HG;HG
55612;HG;HG
55613;HG;HG
55614;HG;HG
55615;HG;HG
55616;HG;HG
55617;HG;HG
55618;HG;HG
55619;HG;HG
55620;HG;HG
55621;HG;HG
55622;HG;HG
55623;HG;HG
55624;HG;HG
55625;HG;HG
55626;HG;HG
55627;HG;HG
55628;HG;HG
55629;NB;SSG
55630;NB;HG
55631;NB;HG
55632;NB;NO
55633;NB;NO
55634;NB;NO
55635;NB;NO
55636;NB;NO
55637;NB;NO
55638;NB;NO
55639;NB;NO
55640;NB;NO
55641;NB;NB
55642;NB;NB
55643;NB;NB
55644;NB;NB
55645;NB;NB
55646;NB;NB
55647;NB;NB
55648;NB;NB
55649;NB;NB
55650;NB;NB
55651;NB;NB
55652;NB;NB
55653;NB;NB
55654;NB;NB
55655;NB;NB
55656;NB;NB
55657;NB;NB
55658;NB;NB
55659;NB;NB
55660;NB;NB
55661;NB;NB
55662;NB;NB
55663;NB;NB
55664;NB;NB
55665;NB;NB
55666;NB;NB
55667;NB;NB
55668;NB;NB
55669;NB;NB
55670;NB;NB
55671;NB;NB
55672;NB;NB
55673;LC;LC
55674;LC;LC
55675;LC;LC
55676;LC;LC
55677;LC;LC
55678;LC;LC
55679;LC;LC
55680;LC;LC
55681;LC;LC
55682;LC;LC
55683;LC;LC
55684;LC;LC
55685;LC;LC
55686;LC;LC
55687;LC;LC
55688;LC;LC
55689;LC;SSG
55690;LC;NO
55691;LC;NO
55692;LC;NO
55693;LC;NO
55694;SSG;LC
55695;SSG;HG
55696;SSG;G
55697;SSG;G
55698;SSG;G
55699;SSG;SSG
55700;SSG;SSG
55701;SSG;SSG
55702;SSG;SSG
55703;SSG;SSG
55704;SSG;SSG
55705;SSG;SSG
55706;SSG;SSG
55707;SSG;SSG
55708;SSG;SSG
55709;SSG;SSG
55710;SSG;SSG
55711;SSG;SSG
55712;SSG;SSG
55713;SSG;SSG
55714;SSG;SSG
55715;SSG;SSG
55716;SSG;SSG
55717;SSG;SSG
55718;SSG;SSG
55719;SSG;SSG
55720;SSG;SSG
55721;SSG;SSG
55722;SSG;SSG
55723;SSG;SSG
55724;SSG;SSG
55725;SSG;NO
55726;SSG;NO
55727;SSG;NO
55728;SSG;NO
55729;SSG;NO
55730;SSG;NO
55731;SSG;NO
55732;SSG;NO
55733;SSG;NO
55734;G;LC
55735;G;HG
55736;G;SSG
55737;G;G
55738;G;G
55739;G;G
55740;G;G
55741;G;G
55742;G;G
55743;G;G
55744;G;G
55745;G;G
55746;G;G
55747;G;G
55748;G;G
55749;G;G
55750;G;G
55751;G;G
55752;G;G
55753;G;G
55754;G;G
55755;G;G
55756;G;NO
55757;G;NO
55758;G;NO
55759;G;NO
55760;G;NO
55761;G;NO
55762;G;NO
55763;G;NO
55764;G;NO
55765;G;NO
55766;HG;NB
55767;HG;G
55768;HG;SSG
55769;HG;SSG
55770;HG;NO
55771;HG;NO
55772;HG;NO
55773;HG;NO
55774;HG;NO
55775;HG;NO
55776;HG;NO
55777;HG;NO
55778;HG;NO
55779;HG;NO
55780;HG;NO
55781;HG;HG
55782;HG;HG
55783;HG;HG
55784;HG;HG
55785;HG;HG
55786;HG;HG
55787;HG;HG
55788;HG;HG
55789;HG;HG
55790;HG;HG
55791;HG;HG
55792;HG;HG
55793;HG;HG
55794;HG;HG
55795;HG;HG
55796;HG;HG
55797;HG;HG
55798;HG;HG
55799;HG;HG
55800;HG;HG
55801;HG;HG
55802;HG;HG
55803;HG;HG
55804;HG;HG
55805;HG;HG
55806;HG;HG
55807;HG;HG
55808;HG;HG
55809;HG;HG
55810;HG;HG
55811;NB;SSG
55812;NB;HG
55813;NB;HG
55814;NB;NO
55815;NB;NO
55816;NB;NO
55817;NB;NO
55818;NB;NO
55819;NB;NO
55820;NB;NO
55821;NB;NO
55822;NB;NO
55823;NB;NB
55824;NB;NB
55825;NB;NB
55826;NB;NB
55827;NB;NB
55828;NB;NB
55829;NB;NB
55830;NB;NB
55831;NB;NB
55832;NB;NB
55833;NB;NB
55834;NB;NB
55835;NB;NB
55836;NB;NB
55837;NB;NB
55838;NB;NB
55839;NB;NB
55840;NB;NB
55841;NB;NB
55842;NB;NB
55843;NB;NB
55844;NB;NB
55845;NB;NB
55846;NB;NB
55847;NB;NB
55848;NB;NB
55849;NB;NB
55850;NB;NB
55851;NB;NB
55852;NB;NB
55853;NB;NB
55854;NB;NB
55855;LC;LC
55856;LC;LC
55857;LC;LC
55858;LC;LC
55859;LC;LC
55860;LC;LC
55861;LC;LC
55862;LC;LC
55863;LC;LC
55864;LC;LC
55865;LC;LC
55866;LC;LC
55867;LC;LC
55868;LC;LC
55869;LC;LC
55870;LC;LC
55871;LC;SSG
55872;LC;NO
55873;LC;NO
55874;LC;NO
55875;LC;NO
55876;SSG;LC
55877;SSG;HG
55878;SSG;G
55879;SSG;G
55880;SSG;G
55881;SSG;SSG
55882;SSG;SSG
55883;SSG;SSG
55884;SSG;SSG
55885;SSG;SSG
55886;SSG;SSG
55887;SSG;SSG
55888;SSG;SSG
55889;SSG;SSG
55890;SSG;SSG
55891;SSG;SSG
55892;SSG;SSG
55893;SSG;SSG
55894;SSG;SSG
55895;SSG;SSG
55896;SSG;SSG
55897;SSG;SSG
55898;SSG;SSG
55899;SSG;SSG
55900;SSG;SSG
55901;SSG;SSG
55902;SSG;SSG
55903;SSG;SSG
55904;SSG;SSG
55905;SSG;SSG
55906;SSG;SSG
55907;SSG;NO
55908;SSG;NO
55909;SSG;NO
55910;SSG;NO
55911;SSG;NO
55912;SSG;NO
55913;SSG;NO
55914;SSG;NO
55915;SSG;NO
55916;G;LC
55917;G;HG
55918;G;SSG
55919;G;G
55920;G;G
55921;G;G
55922;G;G
55923;G;G
55924;G;G
55925;G;G
55926;G;G
55927;G;G
55928;G;G
55929;G;G
55930;G;G
55931;G;G
55932;G;G
55933;G;G
55934;G;G
55935;G;G
55936;G;G
55937;G;G
55938;G;NO
55939;G;NO
55940;G;NO
55941;G;NO
55942;G;NO
55943;G;NO
55944;G;NO
55945;G;NO
55946;G;NO
55947;G;NO
55948;HG;NB
55949;HG;G
55950;HG;SSG
55951;HG;SSG
55952;HG;NO
55953;HG;NO
55954;HG;NO
55955;HG;NO
55956;HG;NO
55957;HG;NO
55958;HG;NO
55959;HG;NO
55960;HG;NO
55961;HG;NO
55962;HG;NO
55963;HG;HG
55964;HG;HG
55965;HG;HG
55966;HG;HG
55967;HG;HG
55968;HG;HG
55969;HG;HG
55970;HG;HG
55971;HG;HG
55972;HG;HG
55973;HG;HG
55974;HG;HG
55975;HG;HG
55976;HG;HG
55977;HG;HG
55978;HG;HG
55979;HG;HG
55980;HG;HG
55981;HG;HG
55982;HG;HG
55983;HG;HG
55984;HG;HG
55985;HG;HG
55986;HG;HG
55987;HG;HG
55988;HG;HG
55989;HG;HG
55990;HG;HG
55991;HG;HG
55992;HG;HG
55993;NB;SSG
55994;NB;HG
55995;NB;HG
55996;NB;NO
55997;NB;NO
55998;NB;NO
55999;NB;NO
56000;NB;NO
56001;NB;NO
56002;NB;NO
56003;NB;NO
56004;NB;NO
56005;NB;NB
56006;NB;NB
56007;NB;NB
56008;NB;NB
56009;NB;NB
56010;NB;NB
56011;NB;NB
56012;NB;NB
56013;NB;NB
56014;NB;NB
56015;NB;NB
56016;NB;NB
56017;NB;NB
56018;NB;NB
56019;NB;NB
56020;NB;NB
56021;NB;NB
56022;NB;NB
56023;NB;NB
56024;NB;NB
56025;NB;NB
56026;NB;NB
56027;NB;NB
56028;NB;NB
56029;NB;NB
56030;NB;NB
56031;NB;NB
56032;NB;NB
56033;NB;NB
56034;NB;NB
56035;NB;NB
56036;NB;NB
56037;LC;LC
56038;LC;LC
56039;LC;LC
56040;LC;LC
56041;LC;LC
56042;LC;LC
56043;LC;LC
56044;LC;LC
56045;LC;LC
56046;LC;LC
56047;LC;LC
56048;LC;LC
56049;LC;LC
56050;LC;LC
56051;LC;LC
56052;LC;LC
56053;LC;SSG
56054;LC;NO
56055;LC;NO
56056;LC;NO
56057;LC;NO
56058;SSG;LC
56059;SSG;HG
56060;SSG;G
56061;SSG;G
56062;SSG;G
56063;SSG;SSG
56064;SSG;SSG
56065;SSG;SSG
56066;SSG;SSG
56067;SSG;SSG
56068;SSG;SSG
56069;SSG;SSG
56070;SSG;SSG
56071;SSG;SSG
56072;SSG;SSG
56073;SSG;SSG
56074;SSG;SSG
56075;SSG;SSG
56076;SSG;SSG
56077;SSG;SSG
56078;SSG;SSG
56079;SSG;SSG
56080;SSG;SSG
56081;SSG;SSG
56082;SSG;SSG
56083;SSG;SSG
56084;SSG;SSG
56085;SSG;SSG
56086;SSG;SSG
56087;SSG;SSG
56088;SSG;SSG
56089;SSG;NO
56090;SSG;NO
56091;SSG;NO
56092;SSG;NO
56093;SSG;NO
56094;SSG;NO
56095;SSG;NO
56096;SSG;NO
56097;SSG;NO
56098;G;LC
56099;G;HG
56100;G;SSG
56101;G;G
56102;G;G
56103;G;G
56104;G;G
56105;G;G
56106;G;G
56107;G;G
56108;G;G
56109;G;G
56110;G;G
56111;G;G
56112;G;G
56113;G;G
56114;G;G
56115;G;G
56116;G;G
56117;G;G
56118;G;G
56119;G;G
56120;G;NO
56121;G;NO
56122;G;NO
56123;G;NO
56124;G;NO
56125;G;NO
56126;G;NO
56127;G;NO
56128;G;NO
56129;G;NO
56130;HG;NB
56131;HG;G
56132;HG;SSG
56133;HG;SSG
56134;HG;NO
56135;HG;NO
56136;HG;NO
56137;HG;NO
56138;HG;NO
56139;HG;NO
56140;HG;NO
56141;HG;NO
56142;HG;NO
56143;HG;NO
56144;HG;NO
56145;HG;HG
56146;HG;HG
56147;HG;HG
56148;HG;HG
56149;HG;HG
56150;HG;HG
56151;HG;HG
56152;HG;HG
56153;HG;HG
56154;HG;HG
56155;HG;HG
56156;HG;HG
56157;HG;HG
56158;HG;HG
56159;HG;HG
56160;HG;HG
56161;HG;HG
56162;HG;HG
56163;HG;HG
56164;HG;HG
56165;HG;HG
56166;HG;HG
56167;HG;HG
56168;HG;HG
56169;HG;HG
56170;HG;HG
56171;HG;HG
56172;HG;HG
56173;HG;HG
56174;HG;HG
56175;NB;SSG
56176;NB;HG
56177;NB;HG
56178;NB;NO
56179;NB;NO
56180;NB;NO
56181;NB;NO
56182;NB;NO
56183;NB;NO
56184;NB;NO
56185;NB;NO
56186;NB;NO
56187;NB;NB
56188;NB;NB
56189;NB;NB
56190;NB;NB
56191;NB;NB
56192;NB;NB
56193;NB;NB
56194;NB;NB
56195;NB;NB
56196;NB;NB
56197;NB;NB
56198;NB;NB
56199;NB;NB
56200;NB;NB
56201;NB;NB
56202;NB;NB
56203;NB;NB
56204;NB;NB
56205;NB;NB
56206;NB;NB
56207;NB;NB
56208;NB;NB
56209;NB;NB
56210;NB;NB
56211;NB;NB
56212;NB;NB
56213;NB;NB
56214;NB;NB
56215;NB;NB
56216;NB;NB
56217;NB;NB
56218;NB;NB
56219;LC;LC
56220;LC;LC
56221;LC;LC
56222;LC;LC
56223;LC;LC
56224;LC;LC
56225;LC;LC
56226;LC;LC
56227;LC;LC
56228;LC;LC
56229;LC;LC
56230;LC;LC
56231;LC;LC
56232;LC;LC
56233;LC;LC
56234;LC;LC
56235;LC;SSG
56236;LC;NO
56237;LC;NO
56238;LC;NO
56239;LC;NO
56240;SSG;LC
56241;SSG;HG
56242;SSG;G
56243;SSG;G
56244;SSG;G
56245;SSG;SSG
56246;SSG;SSG
56247;SSG;SSG
56248;SSG;SSG
56249;SSG;SSG
56250;SSG;SSG
56251;SSG;SSG
56252;SSG;SSG
56253;SSG;SSG
56254;SSG;SSG
56255;SSG;SSG
56256;SSG;SSG
56257;SSG;SSG
56258;SSG;SSG
56259;SSG;SSG
56260;SSG;SSG
56261;SSG;SSG
56262;SSG;SSG
56263;SSG;SSG
56264;SSG;SSG
56265;SSG;SSG
56266;SSG;SSG
56267;SSG;SSG
56268;SSG;SSG
56269;SSG;SSG
56270;SSG;SSG
56271;SSG;NO
56272;SSG;NO
56273;SSG;NO
56274;SSG;NO
56275;SSG;NO
56276;SSG;NO
56277;SSG;NO
56278;SSG;NO
56279;SSG;NO
56280;G;LC
56281;G;HG
56282;G;SSG
56283;G;G
56284;G;G
56285;G;G
56286;G;G
56287;G;G
56288;G;G
56289;G;G
56290;G;G
56291;G;G
56292;G;G
56293;G;G
56294;G;G
56295;G;G
56296;G;G
56297;G;G
56298;G;G
56299;G;G
56300;G;G
56301;G;G
56302;G;NO
56303;G;NO
56304;G;NO
56305;G;NO
56306;G;NO
56307;G;NO
56308;G;NO
56309;G;NO
56310;G;NO
56311;G;NO
56312;HG;NB
56313;HG;G
56314;HG;SSG
56315;HG;SSG
56316;HG;NO
56317;HG;NO
56318;HG;NO
56319;HG;NO
56320;HG;NO
56321;HG;NO
56322;HG;NO
56323;HG;NO
56324;HG;NO
56325;HG;NO
56326;HG;NO
56327;HG;HG
56328;HG;HG
56329;HG;HG
56330;HG;HG
56331;HG;HG
56332;HG;HG
56333;HG;HG
56334;HG;HG
56335;HG;HG
56336;HG;HG
56337;HG;HG
56338;HG;HG
56339;HG;HG
56340;HG;HG
56341;HG;HG
56342;HG;HG
56343;HG;HG
56344;HG;HG
56345;HG;HG
56346;HG;HG
56347;HG;HG
56348;HG;HG
56349;HG;HG
56350;HG;HG
56351;HG;HG
56352;HG;HG
56353;HG;HG
56354;HG;HG
56355;HG;HG
56356;HG;HG
56357;NB;SSG
56358;NB;HG
56359;NB;HG
56360;NB;NO
56361;NB;NO
56362;NB;NO
56363;NB;NO
56364;NB;NO
56365;NB;NO
56366;NB;NO
56367;NB;NO
56368;NB;NO
56369;NB;NB
56370;NB;NB
56371;NB;NB
56372;NB;NB
56373;NB;NB
56374;NB;NB
56375;NB;NB
56376;NB;NB
56377;NB;NB
56378;NB;NB
56379;NB;NB
56380;NB;NB
56381;NB;NB
56382;NB;NB
56383;NB;NB
56384;NB;NB
56385;NB;NB
56386;NB;NB
56387;NB;NB
56388;NB;NB
56389;NB;NB
56390;NB;NB
56391;NB;NB
56392;NB;NB
56393;NB;NB
56394;NB;NB
56395;NB;NB
56396;NB;NB
56397;NB;NB
56398;NB;NB
56399;NB;NB
56400;NB;NB
56401;LC;LC
56402;LC;LC
56403;LC;LC
56404;LC;LC
56405;LC;LC
56406;LC;LC
56407;LC;LC
56408;LC;LC
56409;LC;LC
56410;LC;LC
56411;LC;LC
56412;LC;LC
56413;LC;LC
56414;LC;LC
56415;LC;LC
56416;LC;LC
56417;LC;SSG
56418;LC;NO
56419;LC;NO
56420;LC;NO
56421;LC;NO
56422;SSG;LC
56423;SSG;HG
56424;SSG;G
56425;SSG;G
56426;SSG;G
56427;SSG;SSG
56428;SSG;SSG
56429;SSG;SSG
56430;SSG;SSG
56431;SSG;SSG
56432;SSG;SSG
56433;SSG;SSG
56434;SSG;SSG
56435;SSG;SSG
56436;SSG;SSG
56437;SSG;SSG
56438;SSG;SSG
56439;SSG;SSG
56440;SSG;SSG
56441;SSG;SSG
56442;SSG;SSG
56443;SSG;SSG
56444;SSG;SSG
56445;SSG;SSG
56446;SSG;SSG
56447;SSG;SSG
56448;SSG;SSG
56449;SSG;SSG
56450;SSG;SSG
56451;SSG;SSG
56452;SSG;SSG
56453;SSG;NO
56454;SSG;NO
56455;SSG;NO
56456;SSG;NO
56457;SSG;NO
56458;SSG;NO
56459;SSG;NO
56460;SSG;NO
56461;SSG;NO
56462;G;LC
56463;G;HG
56464;G;SSG
56465;G;G
56466;G;G
56467;G;G
56468;G;G
56469;G;G
56470;G;G
56471;G;G
56472;G;G
56473;G;G
56474;G;G
56475;G;G
56476;G;G
56477;G;G
56478;G;G
56479;G;G
56480;G;G
56481;G;G
56482;G;G
56483;G;G
56484;G;NO
56485;G;NO
56486;G;NO
56487;G;NO
56488;G;NO
56489;G;NO
56490;G;NO
56491;G;NO
56492;G;NO
56493;G;NO
56494;HG;NB
56495;HG;G
56496;HG;SSG
56497;HG;SSG
56498;HG;NO
56499;HG;NO
56500;HG;NO
56501;HG;NO
56502;HG;NO
56503;HG;NO
56504;HG;NO
56505;HG;NO
56506;HG;NO
56507;HG;NO
56508;HG;NO
56509;HG;HG
56510;HG;HG
56511;HG;HG
56512;HG;HG
56513;HG;HG
56514;HG;HG
56515;HG;HG
56516;HG;HG
56517;HG;HG
56518;HG;HG
56519;HG;HG
56520;HG;HG
56521;HG;HG
56522;HG;HG
56523;HG;HG
56524;HG;HG
56525;HG;HG
56526;HG;HG
56527;HG;HG
56528;HG;HG
56529;HG;HG
56530;HG;HG
56531;HG;HG
56532;HG;HG
56533;HG;HG
56534;HG;HG
56535;HG;HG
56536;HG;HG
56537;HG;HG
56538;HG;HG
56539;NB;SSG
56540;NB;HG
56541;NB;HG
56542;NB;NO
56543;NB;NO
56544;NB;NO
56545;NB;NO
56546;NB;NO
56547;NB;NO
56548;NB;NO
56549;NB;NO
56550;NB;NO
56551;NB;NB
56552;NB;NB
56553;NB;NB
56554;NB;NB
56555;NB;NB
56556;NB;NB
56557;NB;NB
56558;NB;NB
56559;NB;NB
56560;NB;NB
56561;NB;NB
56562;NB;NB
56563;NB;NB
56564;NB;NB
56565;NB;NB
56566;NB;NB
56567;NB;NB
56568;NB;NB
56569;NB;NB
56570;NB;NB
56571;NB;NB
56572;NB;NB
56573;NB;NB
56574;NB;NB
56575;NB;NB
56576;NB;NB
56577;NB;NB
56578;NB;NB
56579;NB;NB
56580;NB;NB
56581;NB;NB
56582;NB;NB
56583;LC;LC
56584;LC;LC
56585;LC;LC
56586;LC;LC
56587;LC;LC
56588;LC;LC
56589;LC;LC
56590;LC;LC
56591;LC;LC
56592;LC;LC
56593;LC;LC
56594;LC;LC
56595;LC;LC
56596;LC;LC
56597;LC;LC
56598;LC;LC
56599;LC;SSG
56600;LC;NO
56601;LC;NO
56602;LC;NO
56603;LC;NO
56604;SSG;LC
56605;SSG;HG
56606;SSG;G
56607;SSG;G
56608;SSG;G
56609;SSG;SSG
56610;SSG;SSG
56611;SSG;SSG
56612;SSG;SSG
56613;SSG;SSG
56614;SSG;SSG
56615;SSG;SSG
56616;SSG;SSG
56617;SSG;SSG
56618;SSG;SSG
56619;SSG;SSG
56620;SSG;SSG
56621;SSG;SSG
56622;SSG;SSG
56623;SSG;SSG
56624;SSG;SSG
56625;SSG;SSG
56626;SSG;SSG
56627;SSG;SSG
56628;SSG;SSG
56629;SSG;SSG
56630;SSG;SSG
56631;SSG;SSG
56632;SSG;SSG
56633;SSG;SSG
56634;SSG;SSG
56635;SSG;NO
56636;SSG;NO
56637;SSG;NO
56638;SSG;NO
56639;SSG;NO
56640;SSG;NO
56641;SSG;NO
56642;SSG;NO
56643;SSG;NO
56644;G;LC
56645;G;HG
56646;G;SSG
56647;G;G
56648;G;G
56649;G;G
56650;G;G
56651;G;G
56652;G;G
56653;G;G
56654;G;G
56655;G;G
56656;G;G
56657;G;G
56658;G;G
56659;G;G
56660;G;G
56661;G;G
56662;G;G
56663;G;G
56664;G;G
56665;G;G
56666;G;NO
56667;G;NO
56668;G;NO
56669;G;NO
56670;G;NO
56671;G;NO
56672;G;NO
56673;G;NO
56674;G;NO
56675;G;NO
56676;HG;NB
56677;HG;G
56678;HG;SSG
56679;HG;SSG
56680;HG;NO
56681;HG;NO
56682;HG;NO
56683;HG;NO
56684;HG;NO
56685;HG;NO
56686;HG;NO
56687;HG;NO
56688;HG;NO
56689;HG;NO
56690;HG;NO
56691;HG;HG
56692;HG;HG
56693;HG;HG
56694;HG;HG
56695;HG;HG
56696;HG;HG
56697;HG;HG
56698;HG;HG
56699;HG;HG
56700;HG;HG
56701;HG;HG
56702;HG;HG
56703;HG;HG
56704;HG;HG
56705;HG;HG
56706;HG;HG
56707;HG;HG
56708;HG;HG
56709;HG;HG
56710;HG;HG
56711;HG;HG
56712;HG;HG
56713;HG;HG
56714;HG;HG
56715;HG;HG
56716;HG;HG
56717;HG;HG
56718;HG;HG
56719;HG;HG
56720;HG;HG
56721;NB;SSG
56722;NB;HG
56723;NB;HG
56724;NB;NO
56725;NB;NO
56726;NB;NO
56727;NB;NO
56728;NB;NO
56729;NB;NO
56730;NB;NO
56731;NB;NO
56732;NB;NO
56733;NB;NB
56734;NB;NB
56735;NB;NB
56736;NB;NB
56737;NB;NB
56738;NB;NB
56739;NB;NB
56740;NB;NB
56741;NB;NB
56742;NB;NB
56743;NB;NB
56744;NB;NB
56745;NB;NB
56746;NB;NB
56747;NB;NB
56748;NB;NB
56749;NB;NB
56750;NB;NB
56751;NB;NB
56752;NB;NB
56753;NB;NB
56754;NB;NB
56755;NB;NB
56756;NB;NB
56757;NB;NB
56758;NB;NB
56759;NB;NB
56760;NB;NB
56761;NB;NB
56762;NB;NB
56763;NB;NB
56764;NB;NB
56765;LC;LC
56766;LC;LC
56767;LC;LC
56768;LC;LC
56769;LC;LC
56770;LC;LC
56771;LC;LC
56772;LC;LC
56773;LC;LC
56774;LC;LC
56775;LC;LC
56776;LC;LC
56777;LC;LC
56778;LC;LC
56779;LC;LC
56780;LC;LC
56781;LC;SSG
56782;LC;NO
56783;LC;NO
56784;LC;NO
56785;LC;NO
56786;SSG;LC
56787;SSG;HG
56788;SSG;G
56789;SSG;G
56790;SSG;G
56791;SSG;SSG
56792;SSG;SSG
56793;SSG;SSG
56794;SSG;SSG
56795;SSG;SSG
56796;SSG;SSG
56797;SSG;SSG
56798;SSG;SSG
56799;SSG;SSG
56800;SSG;SSG
56801;SSG;SSG
56802;SSG;SSG
56803;SSG;SSG
56804;SSG;SSG
56805;SSG;SSG
56806;SSG;SSG
56807;SSG;SSG
56808;SSG;SSG
56809;SSG;SSG
56810;SSG;SSG
56811;SSG;SSG
56812;SSG;SSG
56813;SSG;SSG
56814;SSG;SSG
56815;SSG;SSG
56816;SSG;SSG
56817;SSG;NO
56818;SSG;NO
56819;SSG;NO
56820;SSG;NO
56821;SSG;NO
56822;SSG;NO
56823;SSG;NO
56824;SSG;NO
56825;SSG;NO
56826;G;LC
56827;G;HG
56828;G;SSG
56829;G;G
56830;G;G
56831;G;G
56832;G;G
56833;G;G
56834;G;G
56835;G;G
56836;G;G
56837;G;G
56838;G;G
56839;G;G
56840;G;G
56841;G;G
56842;G;G
56843;G;G
56844;G;G
56845;G;G
56846;G;G
56847;G;G
56848;G;NO
56849;G;NO
56850;G;NO
56851;G;NO
56852;G;NO
56853;G;NO
56854;G;NO
56855;G;NO
56856;G;NO
56857;G;NO
56858;HG;NB
56859;HG;G
56860;HG;SSG
56861;HG;SSG
56862;HG;NO
56863;HG;NO
56864;HG;NO
56865;HG;NO
56866;HG;NO
56867;HG;NO
56868;HG;NO
56869;HG;NO
56870;HG;NO
56871;HG;NO
56872;HG;NO
56873;HG;HG
56874;HG;HG
56875;HG;HG
56876;HG;HG
56877;HG;HG
56878;HG;HG
56879;HG;HG
56880;HG;HG
56881;HG;HG
56882;HG;HG
56883;HG;HG
56884;HG;HG
56885;HG;HG
56886;HG;HG
56887;HG;HG
56888;HG;HG
56889;HG;HG
56890;HG;HG
56891;HG;HG
56892;HG;HG
56893;HG;HG
56894;HG;HG
56895;HG;HG
56896;HG;HG
56897;HG;HG
56898;HG;HG
56899;HG;HG
56900;HG;HG
56901;HG;HG
56902;HG;HG
56903;NB;SSG
56904;NB;HG
56905;NB;HG
56906;NB;NO
56907;NB;NO
56908;NB;NO
56909;NB;NO
56910;NB;NO
56911;NB;NO
56912;NB;NO
56913;NB;NO
56914;NB;NO
56915;NB;NB
56916;NB;NB
56917;NB;NB
56918;NB;NB
56919;NB;NB
56920;NB;NB
56921;NB;NB
56922;NB;NB
56923;NB;NB
56924;NB;NB
56925;NB;NB
56926;NB;NB
56927;NB;NB
56928;NB;NB
56929;NB;NB
56930;NB;NB
56931;NB;NB
56932;NB;NB
56933;NB;NB
56934;NB;NB
56935;NB;NB
56936;NB;NB
56937;NB;NB
56938;NB;NB
56939;NB;NB
56940;NB;NB
56941;NB;NB
56942;NB;NB
56943;NB;NB
56944;NB;NB
56945;NB;NB
56946;NB;NB
56947;LC;LC
56948;LC;LC
56949;LC;LC
56950;LC;LC
56951;LC;LC
56952;LC;LC
56953;LC;LC
56954;LC;LC
56955;LC;LC
56956;LC;LC
56957;LC;LC
56958;LC;LC
56959;LC;LC
56960;LC;LC
56961;LC;LC
56962;LC;LC
56963;LC;SSG
56964;LC;NO
56965;LC;NO
56966;LC;NO
56967;LC;NO
56968;SSG;LC
56969;SSG;HG
56970;SSG;G
56971;SSG;G
56972;SSG;G
56973;SSG;SSG
56974;SSG;SSG
56975;SSG;SSG
56976;SSG;SSG
56977;SSG;SSG
56978;SSG;SSG
56979;SSG;SSG
56980;SSG;SSG
56981;SSG;SSG
56982;SSG;SSG
56983;SSG;SSG
56984;SSG;SSG
56985;SSG;SSG
56986;SSG;SSG
56987;SSG;SSG
56988;SSG;SSG
56989;SSG;SSG
56990;SSG;SSG
56991;SSG;SSG
56992;SSG;SSG
56993;SSG;SSG
56994;SSG;SSG
56995;SSG;SSG
56996;SSG;SSG
56997;SSG;SSG
56998;SSG;SSG
56999;SSG;NO
57000;SSG;NO
57001;SSG;NO
57002;SSG;NO
57003;SSG;NO
57004;SSG;NO
57005;SSG;NO
57006;SSG;NO
57007;SSG;NO
57008;G;LC
57009;G;HG
57010;G;SSG
57011;G;G
57012;G;G
57013;G;G
57014;G;G
57015;G;G
57016;G;G
57017;G;G
57018;G;G
57019;G;G
57020;G;G
57021;G;G
57022;G;G
57023;G;G
57024;G;G
57025;G;G
57026;G;G
57027;G;G
57028;G;G
57029;G;G
57030;G;NO
57031;G;NO
57032;G;NO
57033;G;NO
57034;G;NO
57035;G;NO
57036;G;NO
57037;G;NO
57038;G;NO
57039;G;NO
57040;HG;NB
57041;HG;G
57042;HG;SSG
57043;HG;SSG
57044;HG;NO
57045;HG;NO
57046;HG;NO
57047;HG;NO
57048;HG;NO
57049;HG;NO
57050;HG;NO
57051;HG;NO
57052;HG;NO
57053;HG;NO
57054;HG;NO
57055;HG;HG
57056;HG;HG
57057;HG;HG
57058;HG;HG
57059;HG;HG
57060;HG;HG
57061;HG;HG
57062;HG;HG
57063;HG;HG
57064;HG;HG
57065;HG;HG
57066;HG;HG
57067;HG;HG
57068;HG;HG
57069;HG;HG
57070;HG;HG
57071;HG;HG
57072;HG;HG
57073;HG;HG
57074;HG;HG
57075;HG;HG
57076;HG;HG
57077;HG;HG
57078;HG;HG
57079;HG;HG
57080;HG;HG
57081;HG;HG
57082;HG;HG
57083;HG;HG
57084;HG;HG
57085;NB;SSG
57086;NB;HG
57087;NB;HG
57088;NB;NO
57089;NB;NO
57090;NB;NO
57091;NB;NO
57092;NB;NO
57093;NB;NO
57094;NB;NO
57095;NB;NO
57096;NB;NO
57097;NB;NB
57098;NB;NB
57099;NB;NB
57100;NB;NB
57101;NB;NB
57102;NB;NB
57103;NB;NB
57104;NB;NB
57105;NB;NB
57106;NB;NB
57107;NB;NB
57108;NB;NB
57109;NB;NB
57110;NB;NB
57111;NB;NB
57112;NB;NB
57113;NB;NB
57114;NB;NB
57115;NB;NB
57116;NB;NB
57117;NB;NB
57118;NB;NB
57119;NB;NB
57120;NB;NB
57121;NB;NB
57122;NB;NB
57123;NB;NB
57124;NB;NB
57125;NB;NB
57126;NB;NB
57127;NB;NB
57128;NB;NB
57129;LC;LC
57130;LC;LC
57131;LC;LC
57132;LC;LC
57133;LC;LC
57134;LC;LC
57135;LC;LC
57136;LC;LC
57137;LC;LC
57138;LC;LC
57139;LC;LC
57140;LC;LC
57141;LC;LC
57142;LC;LC
57143;LC;LC
57144;LC;LC
57145;LC;SSG
57146;LC;NO
57147;LC;NO
57148;LC;NO
57149;LC;NO
57150;SSG;LC
57151;SSG;HG
57152;SSG;G
57153;SSG;G
57154;SSG;G
57155;SSG;SSG
57156;SSG;SSG
57157;SSG;SSG
57158;SSG;SSG
57159;SSG;SSG
57160;SSG;SSG
57161;SSG;SSG
57162;SSG;SSG
57163;SSG;SSG
57164;SSG;SSG
57165;SSG;SSG
57166;SSG;SSG
57167;SSG;SSG
57168;SSG;SSG
57169;SSG;SSG
57170;SSG;SSG
57171;SSG;SSG
57172;SSG;SSG
57173;SSG;SSG
57174;SSG;SSG
57175;SSG;SSG
57176;SSG;SSG
57177;SSG;SSG
57178;SSG;SSG
57179;SSG;SSG
57180;SSG;SSG
57181;SSG;NO
57182;SSG;NO
57183;SSG;NO
57184;SSG;NO
57185;SSG;NO
57186;SSG;NO
57187;SSG;NO
57188;SSG;NO
57189;SSG;NO
57190;G;LC
57191;G;HG
57192;G;SSG
57193;G;G
57194;G;G
57195;G;G
57196;G;G
57197;G;G
57198;G;G
57199;G;G
57200;G;G
57201;G;G
57202;G;G
57203;G;G
57204;G;G
57205;G;G
57206;G;G
57207;G;G
57208;G;G
57209;G;G
57210;G;G
57211;G;G
57212;G;NO
57213;G;NO
57214;G;NO
57215;G;NO
57216;G;NO
57217;G;NO
57218;G;NO
57219;G;NO
57220;G;NO
57221;G;NO
57222;HG;NB
57223;HG;G
57224;HG;SSG
57225;HG;SSG
57226;HG;NO
57227;HG;NO
57228;HG;NO
57229;HG;NO
57230;HG;NO
57231;HG;NO
57232;HG;NO
57233;HG;NO
57234;HG;NO
57235;HG;NO
57236;HG;NO
57237;HG;HG
57238;HG;HG
57239;HG;HG
57240;HG;HG
57241;HG;HG
57242;HG;HG
57243;HG;HG
57244;HG;HG
57245;HG;HG
57246;HG;HG
57247;HG;HG
57248;HG;HG
57249;HG;HG
57250;HG;HG
57251;HG;HG
57252;HG;HG
57253;HG;HG
57254;HG;HG
57255;HG;HG
57256;HG;HG
57257;HG;HG
57258;HG;HG
57259;HG;HG
57260;HG;HG
57261;HG;HG
57262;HG;HG
57263;HG;HG
57264;HG;HG
57265;HG;HG
57266;HG;HG
57267;NB;SSG
57268;NB;HG
57269;NB;HG
57270;NB;NO
57271;NB;NO
57272;NB;NO
57273;NB;NO
57274;NB;NO
57275;NB;NO
57276;NB;NO
57277;NB;NO
57278;NB;NO
57279;NB;NB
57280;NB;NB
57281;NB;NB
57282;NB;NB
57283;NB;NB
57284;NB;NB
57285;NB;NB
57286;NB;NB
57287;NB;NB
57288;NB;NB
57289;NB;NB
57290;NB;NB
57291;NB;NB
57292;NB;NB
57293;NB;NB
57294;NB;NB
57295;NB;NB
57296;NB;NB
57297;NB;NB
57298;NB;NB
57299;NB;NB
57300;NB;NB
57301;NB;NB
57302;NB;NB
57303;NB;NB
57304;NB;NB
57305;NB;NB
57306;NB;NB
57307;NB;NB
57308;NB;NB
57309;NB;NB
57310;NB;NB